INSERT INTO Osoba
VALUES ('Hugh', 'Jackman', '1968-10-12', 'Australia', 'Mężczyzna', '220000000001'); 
INSERT INTO Osoba
VALUES ('Clint', 'Eastwood', '1930-05-31', 'USA', 'Mężczyzna', '220000000002');
INSERT INTO Osoba
VALUES ('Jenna', 'Ortega', '2002-09-27', 'USA', 'Kobieta', '220000000003');
INSERT INTO Osoba
VALUES ('Zoe', 'Saldana', '1978-06-19', 'USA', 'Kobieta', '220000000004');
INSERT INTO Osoba
VALUES ('Scarlett', 'Johansson', '1984-11-22', 'USA', 'Kobieta', '220000000005');
INSERT INTO Osoba
VALUES ('Elizabeth', 'Olsen', '1989-02-16', 'USA', 'Kobieta', '220000000006');
INSERT INTO Osoba
VALUES ('Denzel', 'Washington', '1954-12-28', 'USA', 'Mężczyzna', '220000000007');
INSERT INTO Osoba
VALUES ('Edward', 'Norton', '1969-08-18', 'USA', 'Mężczyzna', '220000000008');
INSERT INTO Osoba
VALUES ('Tomasz', 'Karolak', '1971-06-21', 'Polska', 'Mężczyzna', '220000000009');
INSERT INTO Osoba
VALUES ('Michał', 'Czarnobaj', '2002-09-17', 'Polska', 'Mężczyzna', '470000000001');
INSERT INTO Osoba (Imie, Nazwisko, Kraj_urodzenia, Plec, ID_Osoby)
VALUES ('Małgorzata', 'Pykała', 'Polska', 'Kobieta', '470000000002'); 
INSERT INTO Osoba
VALUES ('Robert', 'Nieznany', '1980-12-31', 'Polska', 'Mężczyzna', '470000000003');
INSERT INTO Osoba
VALUES ('Rada', 'Rassimov', '1938-05-07', 'Włochy', 'Kobieta', '2200000000010');
INSERT INTO Osoba
VALUES ('Kevin', 'Feige', '1973-06-02', 'USA', 'Mężczyzna', '000000000001');
INSERT INTO Osoba
VALUES ('Milly', 'Alcock', '2000-04-11', 'Australia', 'Kobieta', '220000000011');
INSERT INTO Osoba
VALUES ('Olivia', 'Cooke', '1993-12-27', 'Wielka Brytania', 'Kobieta', '220000000012');
INSERT INTO Osoba
VALUES ('Sam', 'Raimi', '1959-10-23', 'USA', 'Mężczyzna', '220000000013');
INSERT INTO Osoba
VALUES ('Rian', 'Johnson', '1973-12-17', 'USA', 'Mężczyzna', '220000000014');
INSERT INTO Osoba
VALUES ('Quentin', 'Tarantino', '1963-03-27', 'USA', 'Mężczyzna', '220000000015');
INSERT INTO Osoba
VALUES ('Christopher', 'Nolan', '1970-07-30', 'Wielka Brytania', 'Mężczyzna', '220000000016');
INSERT INTO Osoba
VALUES ('Sergio', 'Leone', '1929-01-03', 'Włochy', 'Mężczyzna', '220000000017');
INSERT INTO Osoba
VALUES ('Denis', 'Villeneuve', '1967-10-03', 'Kanada', 'Mężczyzna', '220000000018');
INSERT INTO Osoba
VALUES ('Rhea', 'Seehorn', '1972-05-12', 'USA', 'Kobieta', '220000000019');
INSERT INTO Osoba
VALUES ('Vince', 'Gilligan', '1967-02-10', 'USA', 'Mężczyzna', '220000000020');
INSERT INTO Osoba
VALUES ('Kevin', 'Feige', '1973-06-02', 'USA', 'Mężczyzna', '470000000004');
INSERT INTO Osoba
VALUES ('Milly', 'Alcock', '2000-04-11', 'Australia', 'Kobieta', '470000000005');
INSERT INTO Osoba
VALUES ('Olivia', 'Cooke', '1993-12-27', 'Wielka Brytania', 'Kobieta', '470000000006');
INSERT INTO Osoba
VALUES ('Sam', 'Raimi', '1959-10-23', 'USA', 'Mężczyzna', '470000000007');
INSERT INTO Osoba
VALUES ('Rian', 'Johnson', '1973-12-17', 'USA', 'Mężczyzna', '470000000008');
INSERT INTO Osoba
VALUES ('Quentin', 'Tarantino', '1963-03-27', 'USA', 'Mężczyzna', '470000000009');
INSERT INTO Osoba
VALUES ('Christopher', 'Nolan', '1970-07-30', 'Wielka Brytania', 'Mężczyzna', '470000000010');
INSERT INTO Osoba
VALUES ('Rhea', 'Seehorn', '1972-05-12', 'USA', 'Kobieta', '470000000011');
INSERT INTO Osoba
VALUES ('Walter', 'Hamada', '1968-05-07', 'USA', 'Mężczyzna', '000000000002');
INSERT INTO Osoba
VALUES ('David', 'Zaslav', '1960-01-15', 'USA', 'Mężczyzna', '000000000003');
INSERT INTO Osoba
VALUES ('Jason', 'Kilar', '1971-04-26', 'USA', 'Mężczyzna', '000000000004');
INSERT INTO Osoba
VALUES ('Christopher', 'Nolan', '1970-07-30', 'Wielka Brytania', 'Mężczyzna', '000000000005');
INSERT INTO Osoba
VALUES ('Stan', 'Lee', '1922-12-28', 'USA', 'Mężczyzna', '000000000006');
INSERT INTO Osoba
VALUES ('Lana', 'Wachowski', '1965-06-21', 'USA', 'Kobieta', '000000000007');
INSERT INTO Osoba
VALUES ('Lilly', 'Wachowski', '1967-12-29', 'USA', 'Kobieta', '000000000008');
INSERT INTO Osoba
VALUES ('George', 'Lucas', '1944-05-14', 'USA', 'Mężczyzna', '000000000009');
INSERT INTO Osoba
VALUES ('Jon', 'Favreau', '1966-10-19', 'USA', 'Mężczyzna', '000000000010');


INSERT INTO Dystrybutor
VALUES ('Marvel', '000000000001');
INSERT INTO Dystrybutor
VALUES ('DC', '000000000002');
INSERT INTO Dystrybutor
VALUES ('DC', '000000000003');
INSERT INTO Dystrybutor
VALUES ('WarnerMedia', '000000000004');
INSERT INTO Dystrybutor
VALUES ('WarnerMedia', '000000000005');
INSERT INTO Dystrybutor
VALUES ('Marvel', '000000000006');
INSERT INTO Dystrybutor
VALUES ('Warner Bros', '000000000007');
INSERT INTO Dystrybutor
VALUES ('Warner Bros', '000000000008');
INSERT INTO Dystrybutor
VALUES ('Lucasfilm', '000000000009');
INSERT INTO Dystrybutor
VALUES ('Disney', '000000000010');

INSERT INTO Aktor
VALUES ('220000000003', 'Brak', 'Jenna Ortega amerykańska aktorka, urodzona w 2002, znana z Krzyk, Wednesday, Iron Man 3.');
INSERT INTO Aktor
VALUES ('220000000004', 'Brak', 'Zoe Saldana a właściwie Zoe Yadira Saldaña Nazario urodziła się 19 czerwca 1978 roku w Passaic w stanie New Jersey.
Najbardziej znana jest z filmów: „Avatar" Jamesa Camerona (2009), „Star Trek" J.J.Abramsa (2009), oraz „Colombiana" Oliviera Megatona (2011)');
INSERT INTO Aktor
VALUES ('220000000005', 'Brak', 'Scarlett Johansson urodziła się 22 listopada 1984 roku w Nowym Jorku (USA). Dorastała wychowywana przez mamę, menadżerkę Melanie Sloan, oraz urodzonego w Danii inżyniera budowlanego, Karstena Johanssona.');
INSERT INTO Aktor
VALUES ('220000000006', 'Brak', 'Elizabeth Chase Olsen przyszła na świat 16 lutego 1989 roku w kalifornijskim Sherman Oaks. Jest norweskiego i angielskiego pochodzenia. Wychowywała się wraz z trójką rodzeństwa - bliźniaczkami Mary-Kate i Ashley oraz bratem Trentem w rodzinie Davida i Jarnette Olsenów. ');
INSERT INTO Aktor
VALUES ('220000000007', 'Brak', 'Przyszedł na świat 28 grudnia 1954 roku w Mount Vernon, jako jedno z trojga dzieci pastora i właścicielki kilku salonów piękności.
Po ukończeniu szkoły średniej, wstąpił do Fordham University, z zamiarem rozpoczęcia kariery dziennikarskiej.');
INSERT INTO Aktor
VALUES ('220000000008', 'Brak', 'Wychowany w rodzinie prawników, już od piątego roku życia zaczął interesować się sceną, obserwując publiczne wystąpienia swoich rodziców. W wieku 8 lat działał w szkolnym kółku dramatycznym, by potem uczyć się aktorstwa na różnych kursach i warsztatach.');
INSERT INTO Aktor
VALUES ('220000000009', 'WST w Krakowie', 'Tomasz Karolak urodził się w Radomiu, jego rodzice byli oficerami Wojska Polskiego, dlatego też w młodości zmuszony był do częstych przeprowadzek.
Po niezdanym egzaminie do szkoły teatralnej w Warszawie został studentem resocjalizacji.');
INSERT INTO Aktor
VALUES ('220000000011', 'Brak', 'Milly Alcock austarlijska aktorka, urodzona w 2000, znana z Ród smoka, Upright, Pine Gap.');
INSERT INTO Aktor
VALUES ('220000000012', 'Brak', 'Olivia Cooke urodziła się 27 grudnia 1993 roku w angielskim mieście Oldham. Jej ojciec, John jest policjantem, natomiast matka, Lindsy trudni się jako przedstawicielka handlowa. Uczyła się w Royton and Crompton Secondary School w swoim rodzinnym mieście.');

INSERT INTO Widz
VALUES ('czy4rn1', 'asf8as6fasg7as8asd89809ds6a67s8s', '470000000001');
INSERT INTO Widz
VALUES ('mpykala', 'fa8s76fa87gasg5a8s76ad8ds8a76sda', '470000000002');
INSERT INTO Widz
VALUES ('robert', 'fa8s76fa87gasg5a8s7asdad2456u6ad8ds8a76sda', '470000000003');
INSERT INTO Widz
VALUES ('kfeige', '7gasg5a8s7asdad2456u6ad8ds8a76sda', '470000000004');
INSERT INTO Widz
VALUES ('Malcock', 'fa8s76fa87gasg52456u6ad8ds8a76sda', '470000000005');
INSERT INTO Widz
VALUES ('millyGirl', 'fa8s7asdad2456u6ad8ds8a76sda', '470000000006');
INSERT INTO Widz
VALUES ('TheMan', 'fa8s76fa87gasg5a8s7asdad2', '470000000007');
INSERT INTO Widz
VALUES ('DestroyerOfSW', 'fa8sfa87gasg5a8s7asdad2456u6ad8ds8a76sda', '470000000008');
INSERT INTO Widz
VALUES ('Master123', 'fa8s76fa87gasg5a8s7asdad2456u6asda', '470000000009');
INSERT INTO Widz
VALUES ('NoCGIMan', 'fa8s76sg5a8s7asdad2456u6ad8ds8a76sda', '470000000010');
INSERT INTO Widz
VALUES ('KimWexler', 'fa8s76fa87gasg5a456u6ad8ds8a76sda', '470000000011');


INSERT INTO Aktor
VALUES ('220000000001', 'Brak', 'Hugh Jackman urodził się w Sydney, 
jako najmłodszy z pięciorga rodzeństwa. Jego rodzice rozstali się, gdy miał 8 lat, a on pozostał pod opieką ojca.');
INSERT INTO Aktor
VALUES ('220000000002', 'Brak', 'Clint Eastwood planował robić karierę sportową. Pasjonowała go lekkoatletyka, a aktorstwo traktował jako pracę dorywczą. 
Było tak do roku 1958, kiedy został zaangażowany jako odtwórca jednej z głównych ról w serialu "Rawhide".');

INSERT INTO Rezyser
VALUES ('220000000002', 'Brak', 'Clint Eastwood planował robić karierę sportową. Pasjonowała go lekkoatletyka, a aktorstwo traktował jako pracę dorywczą. 
Było tak do roku 1958, kiedy został zaangażowany jako odtwórca jednej z głównych ról w serialu "Rawhide".');
INSERT INTO Rezyser (ID_Rezysera)
VALUES ('220000000013');
INSERT INTO Rezyser (ID_Rezysera)
VALUES ('220000000014');
INSERT INTO Rezyser (ID_Rezysera)
VALUES ('220000000015');
INSERT INTO Rezyser (ID_Rezysera)
VALUES ('220000000016');
INSERT INTO Rezyser (ID_Rezysera)
VALUES ('220000000017');
INSERT INTO Rezyser (ID_Rezysera)
VALUES ('220000000018');
INSERT INTO Rezyser (ID_Rezysera)
VALUES ('220000000019');
INSERT INTO Rezyser (ID_Rezysera)
VALUES ('220000000020');
INSERT INTO Rezyser (ID_Rezysera)
VALUES ('220000000004');

INSERT INTO Osoba
VALUES ('Vince',	'Gilligan',	'1967-02-10',	'USA',	'Mężczyzna',	'000000000011');
INSERT INTO Dystrybutor
VALUES ('AMC', '000000000011');

INSERT INTO Osoba
VALUES ('George', 'Lucas', '1944-05-14', 'USA', 'Mężczyzna', '220000000021');
INSERT INTO Rezyser (ID_Rezysera)
VALUES ('220000000021');

INSERT INTO Produkcja_filmowa (Tytul, Boxoffice, Gatunek, Data_premiery, Kraj_produkcji, Dlugosc, ID_produkcji, ID_Dystrybutora, ID_Rezysera, Krotki_opis_fabuly)
VALUES ('Breaking Bad', '$5000000', 'Dramat, Kryminał', '2007-12-06', 'USA', '45', '100000000000', '000000000011', '220000000020', 'Gdy nauczyciel chemii dowiaduje się, że ma raka, postanawia rozpocząć produkcję metamfetaminy, by finansowo zabezpieczyć swoją rodzinę.');

INSERT INTO Produkcja_filmowa 
VALUES ('Star Wars: The Phantom Menace', '$115000000', '$1027082707', 'Sci-Fi', '1999-05-16', 'USA', '136', '100000000002', '000000000009', '220000000021', 'Dwaj rycerze Jedi wyruszają z misją ocalenia planety Naboo przed inwazją wojsk Federacji Handlowej. Trafiają na pustynny glob, gdzie pomoże im mały Anakin Skywalker.');

INSERT INTO Produkcja_filmowa 
VALUES ('Star Wars: A New Hope', '$11000000', '$775398007', 'Sci-Fi', '1977-05-25', 'USA', '121', '100000000001', '000000000009', '220000000021', 'Obi-Wan opowiada młodemu Lukeowi, że jego ojcem był potężny rycerz Jedi, który walczył w wojnach klonów.');

INSERT INTO Produkcja_filmowa 
VALUES ('Star Wars: Attack of the Clones', '$115000000', '$653779970', 'Sci-Fi', '2002-05-12', 'USA', '142', '100000000003', '000000000009', '220000000021', 'Demokratyczne rządy Republiki są zagrożone przez podstępnego hrabiego Dooku. Tymczasem Anakin Skywalker łamie reguły zakonu Jedi i zakochuje się.');

INSERT INTO Produkcja_filmowa 
VALUES ('Star Wars: Revenge of the Sith', '$113000000', '$868390560', 'Sci-Fi', '2005-05-12', 'USA', '140', '100000000004', '000000000009', '220000000021', 'Dwóch rycerzy Jedi - Obi-Wan Kenobi i Anakin Skywalker - wyrusza na pomoc porwanemu kanclerzowi Palpatineowi.');

INSERT INTO Produkcja_filmowa 
VALUES ('Star Wars: The Empire Strikes Back', '$18000000', '$538375067', 'Sci-Fi', '1980-05-17', 'USA', '124', '100000000005', '000000000009', '220000000021', 'Imperator rozkazuje swojemu uczniowi Darthowi Vaderowi odnalezienie Lukea Skywalkera, by zmusić go do przejścia na ciemną stronę Mocy.');

INSERT INTO Produkcja_filmowa 
VALUES ('Star Wars: Return of the Jedi', '$32500000', '$475106177', 'Sci-Fi', '1983-05-25', 'USA', '134', '100000000006', '000000000009', '220000000021', 'Luke Skywalker skończył trening na rycerza jedi. Teraz jako wyszkolony wojownik musi walczyć z mrocznym lordem Vaderem.');

INSERT INTO Produkcja_filmowa 
VALUES ('Star Wars: The Last Jedi', '$317000000', '$1332698830', 'Sci-Fi', '2017-12-09', 'USA', '152', '100000000007', '000000000009', '220000000014', 'Rey odnajduje Lukea Skywalkera, by namówić go na powrót i walkę z Najwyższym Porządkiem. Tymczasem Rebelianci próbują uciec przed flotą wroga.');

INSERT INTO Produkcja_filmowa 
VALUES ('Spider-Man', '$139000000', '$825025036', 'Akcja, Sci-Fi', '2002-04-30', 'USA', '121', '100000000008', '000000000001', '220000000013', 'Nastoletni Peter Parker zmienia się w Spidermana, gdy mieszkańcom zagraża szalony Zielony Goblin.');

INSERT INTO Produkcja_filmowa 
VALUES ('Spider-Man 2', '$200000000', '$788976453', 'Akcja, Sci-Fi', '2004-06-22', 'USA', '127', '100000000009', '000000000001', '220000000013', 'Peter Parker jest zmęczony byciem bohaterem i chce zostać zwykłym chłopakiem. Gdy jednak Doktor Octavius przemienia się w złego doktora, Spider-Man staje z nim do walki.');

INSERT INTO Produkcja_filmowa 
VALUES ('American Sniper', '$58800000', '$547459020', 'Biograficzny, Dramat', '2014-11-11', 'USA', '134', '100000000012', '000000000008', '220000000002', 'Historia kariery wojskowej i życia osobistego Chrisa Kylea, który zyskał sławę najlepszego snajpera w historii elitarnej jednostki Navy SEALs.');

INSERT INTO Produkcja_filmowa
VALUES ('Interstellar', '$165000000', '$773837686', 'Sci-Fi', '2014-10-26', 'USA, Wielka Brytania', 169, '100000000013', '000000000005', '220000000016', 'Byt ludzkości na Ziemi dobiega końca wskutek zmian klimatycznych. Grupa naukowców odkrywa tunel czasoprzestrzenny, który umożliwia poszukiwanie nowego domu.')

UPDATE Produkcja_filmowa
SET Boxoffice = '$5000000'
WHERE Tytul = 'Breaking Bad'


INSERT INTO Osoba
VALUES ('Bryan', 'Cranston', '1956-03-07', 'USA', 'Mężczyzna', '220000000022'),
('Bob', 'Odenkirk', '1962-10-22', 'USA','Mężczyzna', '220000000023'),
('Ewan', 'McGregor', '1971-03-31', 'Szkocja','Mężczyzna', '220000000024'),
('Hayden', 'Christensen', '1981-04-19', 'USA','Mężczyzna', '220000000025'),
('Daisy', 'Ridley', '1992-04-10', 'Wielka Brytania','Kobieta', '220000000026'),
('Mark', 'Hamill', '1951-09-25', 'USA','Mężczyzna', '220000000027'),
('Natalie', 'Portman', '1981-06-09', 'Izrael','Kobieta', '220000000028'),
('Tobey', 'Maguire', '1975-06-27', 'USA', 'Mężczyzna', '220000000029');
	
INSERT INTO Aktor(ID_Aktora)
VALUES ('220000000022');
INSERT INTO Aktor(ID_Aktora)
VALUES ('220000000023');
INSERT INTO Aktor(ID_Aktora)
VALUES ('220000000024');
INSERT INTO Aktor(ID_Aktora)
VALUES ('220000000025');
INSERT INTO Aktor(ID_Aktora)
VALUES ('220000000026');
INSERT INTO Aktor(ID_Aktora)
VALUES ('220000000027');
INSERT INTO Aktor(ID_Aktora)
VALUES ('220000000028');
INSERT INTO Aktor
VALUES ('220000000029', NULL, NULL)

INSERT INTO Wystepy
VALUES ('Walter White', '330000000000', '220000000022', '100000000000');
INSERT INTO Wystepy
VALUES ('Saul Goodman', '330000000001', '220000000023', '100000000000');
INSERT INTO Wystepy
VALUES ('Obi-Wan Kenobi', '330000000002', '220000000024', '100000000002');
INSERT INTO Wystepy
VALUES ('Obi-Wan Kenobi', '330000000003', '220000000024', '100000000003');
INSERT INTO Wystepy
VALUES ('Obi-Wan Kenobi', '330000000004', '220000000024', '100000000004');
INSERT INTO Wystepy
VALUES ('Anakin Skywalker', '330000000005', '220000000025', '100000000003');
INSERT INTO Wystepy
VALUES ('Anakin Skywalker', '330000000006', '220000000025', '100000000004');
INSERT INTO Wystepy
VALUES ('Luke Skywalker', '330000000007', '220000000027', '100000000005');
INSERT INTO Wystepy
VALUES ('Luke Skywalker', '330000000008', '220000000027', '100000000001');
INSERT INTO Wystepy
VALUES ('Luke Skywalker', '330000000009', '220000000027', '100000000006');
INSERT INTO Wystepy
VALUES ('Padme Amidala', '330000000010', '220000000028', '100000000002');
INSERT INTO Wystepy
VALUES ('Padme Amidala', '330000000011', '220000000028', '100000000003');
INSERT INTO Wystepy
VALUES ('Padme Amidala', '330000000012', '220000000028', '100000000003');
INSERT INTO Wystepy
VALUES ('Rey', '330000000013', '220000000026', '100000000007');
INSERT INTO Wystepy
VALUES ('PeterParkerSpiderMan', '330000000014', '220000000029', '100000000009');
INSERT INTO Wystepy
VALUES ('Denzel', '330000000015', '220000000007', '100000000012'),
('Alfredo', '330000000016', '220000000007', '100000000012'),
('Batman', '330000000017', '220000000007', '100000000013'),
('Zaza', '330000000018', '220000000007', '100000000013'),
('The Rizzler', '330000000019', '220000000007', '100000000012'),
('Hippocampus', '330000000020', '220000000011', '100000000012'),
('Kratos', '330000000021', '220000000011', '100000000013'),
('Tom Holland', '330000000022', '220000000011', '100000000013'),
('Idiot Man', '330000000023', '220000000011', '100000000012'),
('MoronicDude', '330000000024', '220000000024', '100000000013')
;




INSERT INTO Oceny 
VALUES (10, '330000000000', NULL, '470000000001', '2023-01-01', '99470000000001330000000000');
INSERT INTO Oceny 
VALUES (10, '330000000001', NULL, '470000000001', '2023-01-01', '99470000000001330000000001');
INSERT INTO Oceny 
VALUES (7, '330000000002', NULL, '470000000002', '2023-01-01', '99470000000002330000000002');
INSERT INTO Oceny 
VALUES (8, '330000000003', NULL, '470000000002', '2023-01-01', '99470000000002330000000003');
INSERT INTO Oceny 
VALUES (9, '330000000004', NULL, '470000000005', '2023-01-01', '99470000000005330000000004');
INSERT INTO Oceny 
VALUES (5, '330000000005', NULL, '470000000005', '2023-01-01', '99470000000005330000000005');
INSERT INTO Oceny 
VALUES (8, '330000000006', NULL, '470000000008', '2023-01-01', '99470000000008330000000006');
INSERT INTO Oceny 
VALUES (6, '330000000008', NULL, '470000000003', '2023-01-01', '99470000000003330000000008');
INSERT INTO Oceny 
VALUES (6, '330000000011', NULL, '470000000001', '2023-01-01', '99470000000001330000000011');
INSERT INTO Oceny
VALUES (9, NULL, '100000000009', '470000000001', '2023-01-02', '99470000000001100000000009');
INSERT INTO Oceny
VALUES (9, NULL, '100000000012', '470000000005', '2023-01-02', '99470000000005100000000012');
INSERT INTO Oceny
VALUES (2, NULL, '100000000000', '470000000001', '2023-01-22', '99470000000001100000000000');
INSERT INTO Oceny
VALUES (6, NULL, '100000000001', '470000000001', '2023-01-22', '99470000000001100000000001');
INSERT INTO Oceny
VALUES (8, NULL, '100000000002', '470000000001', '2023-01-22', '99470000000001100000000002');
INSERT INTO Oceny
VALUES (6, NULL, '100000000003', '470000000001', '2023-01-22', '99470000000001100000000003');
INSERT INTO Oceny
VALUES (5, NULL, '100000000004', '470000000001', '2023-01-22', '99470000000001100000000004');
INSERT INTO Oceny
VALUES (10, NULL, '100000000005', '470000000001', '2023-01-22', '99470000000001100000000005');
INSERT INTO Oceny
VALUES (9, NULL, '100000000006', '470000000001', '2023-01-22', '99470000000001100000000006');
INSERT INTO Oceny
VALUES (6, NULL, '100000000007', '470000000001', '2023-01-22', '99470000000001100000000007');
INSERT INTO Oceny
VALUES (2, NULL, '100000000008', '470000000001', '2023-01-22', '99470000000001100000000008');
INSERT INTO Oceny
VALUES (10, NULL, '100000000009', '470000000001', '2023-01-22', '99470000000001100000000009');
INSERT INTO Oceny
VALUES (10, NULL, '100000000012', '470000000001', '2023-01-22', '99470000000001100000000012');
INSERT INTO Oceny
VALUES (5, NULL, '100000000013', '470000000001', '2023-01-22', '99470000000001100000000013');
INSERT INTO Oceny
VALUES (10, NULL, '100000000000', '470000000006', '2023-01-22', '99470000000006100000000000');
INSERT INTO Oceny
VALUES (7, NULL, '100000000001', '470000000006', '2023-01-22', '99470000000006100000000001');
INSERT INTO Oceny
VALUES (6, NULL, '100000000002', '470000000006', '2023-01-22', '99470000000006100000000002');
INSERT INTO Oceny
VALUES (4, NULL, '100000000003', '470000000006', '2023-01-22', '99470000000006100000000003');
INSERT INTO Oceny
VALUES (8, NULL, '100000000004', '470000000006', '2023-01-22', '99470000000006100000000004');
INSERT INTO Oceny
VALUES (9, NULL, '100000000005', '470000000006', '2023-01-22', '99470000000006100000000005');
INSERT INTO Oceny
VALUES (7, NULL, '100000000006', '470000000006', '2023-01-22', '99470000000006100000000006');
INSERT INTO Oceny
VALUES (1, NULL, '100000000007', '470000000006', '2023-01-22', '99470000000006100000000007');
INSERT INTO Oceny
VALUES (4, NULL, '100000000008', '470000000006', '2023-01-22', '99470000000006100000000008');
INSERT INTO Oceny
VALUES (7, NULL, '100000000009', '470000000006', '2023-01-22', '99470000000006100000000009');
INSERT INTO Oceny
VALUES (8, NULL, '100000000012', '470000000006', '2023-01-22', '99470000000006100000000012');
INSERT INTO Oceny
VALUES (10, NULL, '100000000013', '470000000006', '2023-01-22', '99470000000006100000000013');
INSERT INTO Oceny
VALUES (6, NULL, '100000000000', '470000000002', '2023-01-22', '99470000000002100000000000');
INSERT INTO Oceny
VALUES (4, NULL, '100000000001', '470000000002', '2023-01-22', '99470000000002100000000001');
INSERT INTO Oceny
VALUES (9, NULL, '100000000002', '470000000002', '2023-01-22', '99470000000002100000000002');
INSERT INTO Oceny
VALUES (8, NULL, '100000000003', '470000000002', '2023-01-22', '99470000000002100000000003');
INSERT INTO Oceny
VALUES (6, NULL, '100000000004', '470000000002', '2023-01-22', '99470000000002100000000004');
INSERT INTO Oceny
VALUES (4, NULL, '100000000005', '470000000002', '2023-01-22', '99470000000002100000000005');
INSERT INTO Oceny
VALUES (8, NULL, '100000000006', '470000000002', '2023-01-22', '99470000000002100000000006');
INSERT INTO Oceny
VALUES (10, NULL, '100000000007', '470000000002', '2023-01-22', '99470000000002100000000007');
INSERT INTO Oceny
VALUES (4, NULL, '100000000008', '470000000002', '2023-01-22', '99470000000002100000000008');
INSERT INTO Oceny
VALUES (3, NULL, '100000000009', '470000000002', '2023-01-22', '99470000000002100000000009');
INSERT INTO Oceny
VALUES (8, NULL, '100000000012', '470000000002', '2023-01-22', '99470000000002100000000012');
INSERT INTO Oceny
VALUES (1, NULL, '100000000013', '470000000002', '2023-01-22', '99470000000002100000000013');
INSERT INTO Oceny
VALUES (5, NULL, '100000000000', '470000000003', '2023-01-22', '99470000000003100000000000');
INSERT INTO Oceny
VALUES (4, NULL, '100000000001', '470000000003', '2023-01-22', '99470000000003100000000001');
INSERT INTO Oceny
VALUES (6, NULL, '100000000002', '470000000003', '2023-01-22', '99470000000003100000000002');
INSERT INTO Oceny
VALUES (9, NULL, '100000000003', '470000000003', '2023-01-22', '99470000000003100000000003');
INSERT INTO Oceny
VALUES (2, NULL, '100000000004', '470000000003', '2023-01-22', '99470000000003100000000004');
INSERT INTO Oceny
VALUES (3, NULL, '100000000005', '470000000003', '2023-01-22', '99470000000003100000000005');
INSERT INTO Oceny
VALUES (4, NULL, '100000000006', '470000000003', '2023-01-22', '99470000000003100000000006');
INSERT INTO Oceny
VALUES (6, NULL, '100000000007', '470000000003', '2023-01-22', '99470000000003100000000007');
INSERT INTO Oceny
VALUES (2, NULL, '100000000008', '470000000003', '2023-01-22', '99470000000003100000000008');
INSERT INTO Oceny
VALUES (8, NULL, '100000000009', '470000000003', '2023-01-22', '99470000000003100000000009');
INSERT INTO Oceny
VALUES (7, NULL, '100000000012', '470000000003', '2023-01-22', '99470000000003100000000012');
INSERT INTO Oceny
VALUES (8, NULL, '100000000013', '470000000003', '2023-01-22', '99470000000003100000000013');
INSERT INTO Oceny
VALUES (10, NULL, '100000000000', '470000000004', '2023-01-22', '99470000000004100000000000');
INSERT INTO Oceny
VALUES (9, NULL, '100000000001', '470000000004', '2023-01-22', '99470000000004100000000001');
INSERT INTO Oceny
VALUES (8, NULL, '100000000002', '470000000004', '2023-01-22', '99470000000004100000000002');
INSERT INTO Oceny
VALUES (7, NULL, '100000000003', '470000000004', '2023-01-22', '99470000000004100000000003');
INSERT INTO Oceny
VALUES (6, NULL, '100000000004', '470000000004', '2023-01-22', '99470000000004100000000004');
INSERT INTO Oceny
VALUES (5, NULL, '100000000005', '470000000004', '2023-01-22', '99470000000004100000000005');
INSERT INTO Oceny
VALUES (4, NULL, '100000000006', '470000000004', '2023-01-22', '99470000000004100000000006');
INSERT INTO Oceny
VALUES (3, NULL, '100000000007', '470000000004', '2023-01-22', '99470000000004100000000007');
INSERT INTO Oceny
VALUES (2, NULL, '100000000008', '470000000004', '2023-01-22', '99470000000004100000000008');
INSERT INTO Oceny
VALUES (1, NULL, '100000000009', '470000000004', '2023-01-22', '99470000000004100000000009');
INSERT INTO Oceny
VALUES (6, NULL, '100000000012', '470000000004', '2023-01-22', '99470000000004100000000012');
INSERT INTO Oceny
VALUES (7, NULL, '100000000013', '470000000004', '2023-01-22', '99470000000004100000000013');
INSERT INTO Oceny
VALUES (1, NULL, '100000000000', '470000000005', '2023-01-22', '99470000000005100000000000');
INSERT INTO Oceny
VALUES (2, NULL, '100000000001', '470000000005', '2023-01-22', '99470000000005100000000001');
INSERT INTO Oceny
VALUES (3, NULL, '100000000002', '470000000005', '2023-01-22', '99470000000005100000000002');
INSERT INTO Oceny
VALUES (4, NULL, '100000000003', '470000000005', '2023-01-22', '99470000000005100000000003');
INSERT INTO Oceny
VALUES (5, NULL, '100000000004', '470000000005', '2023-01-22', '99470000000005100000000004');
INSERT INTO Oceny
VALUES (6, NULL, '100000000005', '470000000005', '2023-01-22', '99470000000005100000000005');
INSERT INTO Oceny
VALUES (7, NULL, '100000000006', '470000000005', '2023-01-22', '99470000000005100000000006');
INSERT INTO Oceny
VALUES (8, NULL, '100000000007', '470000000005', '2023-01-22', '99470000000005100000000007');
INSERT INTO Oceny
VALUES (9, NULL, '100000000008', '470000000005', '2023-01-22', '99470000000005100000000008');
INSERT INTO Oceny
VALUES (10, NULL, '100000000009', '470000000005', '2023-01-22', '99470000000005100000000009');
INSERT INTO Oceny
VALUES (5, NULL, '100000000012', '470000000005', '2023-01-22', '99470000000005100000000012');
INSERT INTO Oceny
VALUES (4, NULL, '100000000013', '470000000005', '2023-01-22', '99470000000005100000000013');
INSERT INTO Oceny
VALUES (10, NULL, '100000000000', '470000000007', '2023-01-22', '99470000000007100000000000');
INSERT INTO Oceny
VALUES (10, NULL, '100000000001', '470000000007', '2023-01-22', '99470000000007100000000001');
INSERT INTO Oceny
VALUES (10, NULL, '100000000002', '470000000007', '2023-01-22', '99470000000007100000000002');
INSERT INTO Oceny
VALUES (10, NULL, '100000000003', '470000000007', '2023-01-22', '99470000000007100000000003');
INSERT INTO Oceny
VALUES (10, NULL, '100000000004', '470000000007', '2023-01-22', '99470000000007100000000004');
INSERT INTO Oceny
VALUES (10, NULL, '100000000005', '470000000007', '2023-01-22', '99470000000007100000000005');
INSERT INTO Oceny
VALUES (10, NULL, '100000000006', '470000000007', '2023-01-22', '99470000000007100000000006');
INSERT INTO Oceny
VALUES (10, NULL, '100000000007', '470000000007', '2023-01-22', '99470000000007100000000007');
INSERT INTO Oceny
VALUES (10, NULL, '100000000008', '470000000007', '2023-01-22', '99470000000007100000000008');
INSERT INTO Oceny
VALUES (10, NULL, '100000000009', '470000000007', '2023-01-22', '99470000000007100000000009');
INSERT INTO Oceny
VALUES (10, NULL, '100000000012', '470000000007', '2023-01-22', '99470000000007100000000012');
INSERT INTO Oceny
VALUES (10, NULL, '100000000013', '470000000007', '2023-01-22', '99470000000007100000000013');
INSERT INTO Oceny
VALUES (10, NULL, '100000000000', '470000000008', '2023-01-22', '99470000000008100000000000');
INSERT INTO Oceny
VALUES (5, NULL, '100000000001', '470000000008', '2023-01-22', '99470000000008100000000001');
INSERT INTO Oceny
VALUES (10, NULL, '100000000002', '470000000008', '2023-01-22', '99470000000008100000000002');
INSERT INTO Oceny
VALUES (5, NULL, '100000000003', '470000000008', '2023-01-22', '99470000000008100000000003');
INSERT INTO Oceny
VALUES (10, NULL, '100000000004', '470000000008', '2023-01-22', '99470000000008100000000004');
INSERT INTO Oceny
VALUES (5, NULL, '100000000005', '470000000008', '2023-01-22', '99470000000008100000000005');
INSERT INTO Oceny
VALUES (10, NULL, '100000000006', '470000000008', '2023-01-22', '99470000000008100000000006');
INSERT INTO Oceny
VALUES (5, NULL, '100000000007', '470000000008', '2023-01-22', '99470000000008100000000007');
INSERT INTO Oceny
VALUES (10, NULL, '100000000008', '470000000008', '2023-01-22', '99470000000008100000000008');
INSERT INTO Oceny
VALUES (5, NULL, '100000000009', '470000000008', '2023-01-22', '99470000000008100000000009');
INSERT INTO Oceny
VALUES (10, NULL, '100000000012', '470000000008', '2023-01-22', '99470000000008100000000012');
INSERT INTO Oceny
VALUES (5, NULL, '100000000013', '470000000008', '2023-01-22', '99470000000008100000000013');
INSERT INTO Oceny
VALUES (8, NULL, '100000000000', '470000000009', '2023-01-22', '99470000000009100000000000');
INSERT INTO Oceny
VALUES (7, NULL, '100000000001', '470000000009', '2023-01-22', '99470000000009100000000001');
INSERT INTO Oceny
VALUES (8, NULL, '100000000002', '470000000009', '2023-01-22', '99470000000009100000000002');
INSERT INTO Oceny
VALUES (7, NULL, '100000000003', '470000000009', '2023-01-22', '99470000000009100000000003');
INSERT INTO Oceny
VALUES (8, NULL, '100000000004', '470000000009', '2023-01-22', '99470000000009100000000004');
INSERT INTO Oceny
VALUES (7, NULL, '100000000005', '470000000009', '2023-01-22', '99470000000009100000000005');
INSERT INTO Oceny
VALUES (8, NULL, '100000000006', '470000000009', '2023-01-22', '99470000000009100000000006');
INSERT INTO Oceny
VALUES (7, NULL, '100000000007', '470000000009', '2023-01-22', '99470000000009100000000007');
INSERT INTO Oceny
VALUES (8, NULL, '100000000008', '470000000009', '2023-01-22', '99470000000009100000000008');
INSERT INTO Oceny
VALUES (7, NULL, '100000000009', '470000000009', '2023-01-22', '99470000000009100000000009');
INSERT INTO Oceny
VALUES (8, NULL, '100000000012', '470000000009', '2023-01-22', '99470000000009100000000012');
INSERT INTO Oceny
VALUES (7, NULL, '100000000013', '470000000009', '2023-01-22', '99470000000009100000000013');

INSERT INTO Oceny
VALUES (10, '330000000000', NULL, '470000000001', '2023-01-22', '99470000000001330000000000');
INSERT INTO Oceny
VALUES (10, '330000000001', NULL, '470000000001', '2023-01-22', '99470000000001330000000001');
INSERT INTO Oceny
VALUES (8, '330000000002', NULL, '470000000001', '2023-01-22', '99470000000001330000000002');
INSERT INTO Oceny
VALUES (7, '330000000003', NULL, '470000000001', '2023-01-22', '99470000000001330000000003');
INSERT INTO Oceny
VALUES (8, '330000000004', NULL, '470000000001', '2023-01-22', '99470000000001330000000004');
INSERT INTO Oceny
VALUES (7, '330000000005', NULL, '470000000001', '2023-01-22', '99470000000001330000000005');
INSERT INTO Oceny
VALUES (8, '330000000006', NULL, '470000000001', '2023-01-22', '99470000000001330000000006');
INSERT INTO Oceny
VALUES (7, '330000000007', NULL, '470000000001', '2023-01-22', '99470000000001330000000007');
INSERT INTO Oceny
VALUES (8, '330000000008', NULL, '470000000001', '2023-01-22', '99470000000001330000000008');
INSERT INTO Oceny
VALUES (7, '330000000009', NULL, '470000000001', '2023-01-22', '99470000000001330000000009');
INSERT INTO Oceny
VALUES (8, '330000000010', NULL, '470000000001', '2023-01-22', '99470000000001330000000010');
INSERT INTO Oceny
VALUES (7, '330000000011', NULL, '470000000001', '2023-01-22', '99470000000001330000000011');
INSERT INTO Oceny
VALUES (7, '330000000012', NULL, '470000000001', '2023-01-22', '99470000000001330000000012');
INSERT INTO Oceny
VALUES (7, '330000000013', NULL, '470000000001', '2023-01-22', '99470000000001330000000013');
INSERT INTO Oceny
VALUES (7, '330000000014', NULL, '470000000001', '2023-01-22', '99470000000001330000000014');
INSERT INTO Oceny
VALUES (7, '330000000015', NULL, '470000000001', '2023-01-22', '99470000000001330000000015');
INSERT INTO Oceny
VALUES (10, '330000000000', NULL, '470000000002', '2023-01-22', '99470000000002330000000000');
INSERT INTO Oceny
VALUES (10, '330000000001', NULL, '470000000002', '2023-01-22', '99470000000002330000000001');
INSERT INTO Oceny
VALUES (7, '330000000002', NULL, '470000000002', '2023-01-22', '99470000000002330000000002');
INSERT INTO Oceny
VALUES (6, '330000000003', NULL, '470000000002', '2023-01-22', '99470000000002330000000003');
INSERT INTO Oceny
VALUES (9, '330000000004', NULL, '470000000002', '2023-01-22', '99470000000002330000000004');
INSERT INTO Oceny
VALUES (9, '330000000005', NULL, '470000000002', '2023-01-22', '99470000000002330000000005');
INSERT INTO Oceny
VALUES (5, '330000000006', NULL, '470000000002', '2023-01-22', '99470000000002330000000006');
INSERT INTO Oceny
VALUES (4, '330000000007', NULL, '470000000002', '2023-01-22', '99470000000002330000000007');
INSERT INTO Oceny
VALUES (1, '330000000008', NULL, '470000000002', '2023-01-22', '99470000000002330000000008');
INSERT INTO Oceny
VALUES (9, '330000000009', NULL, '470000000002', '2023-01-22', '99470000000002330000000009');
INSERT INTO Oceny
VALUES (10, '330000000010', NULL, '470000000002', '2023-01-22', '99470000000002330000000010');
INSERT INTO Oceny
VALUES (4, '330000000011', NULL, '470000000002', '2023-01-22', '99470000000002330000000011');
INSERT INTO Oceny
VALUES (5, '330000000012', NULL, '470000000002', '2023-01-22', '99470000000002330000000012');
INSERT INTO Oceny
VALUES (6, '330000000013', NULL, '470000000002', '2023-01-22', '99470000000002330000000013');
INSERT INTO Oceny
VALUES (7, '330000000014', NULL, '470000000002', '2023-01-22', '99470000000002330000000014');
INSERT INTO Oceny
VALUES (9, '330000000015', NULL, '470000000002', '2023-01-22', '99470000000002330000000015');
INSERT INTO Oceny
VALUES (9, '330000000000', NULL, '470000000003', '2023-01-22', '99470000000003330000000000');
INSERT INTO Oceny
VALUES (8, '330000000001', NULL, '470000000003', '2023-01-22', '99470000000003330000000001');
INSERT INTO Oceny
VALUES (5, '330000000002', NULL, '470000000003', '2023-01-22', '99470000000003330000000002');
INSERT INTO Oceny
VALUES (6, '330000000003', NULL, '470000000003', '2023-01-22', '99470000000003330000000003');
INSERT INTO Oceny
VALUES (5, '330000000004', NULL, '470000000003', '2023-01-22', '99470000000003330000000004');
INSERT INTO Oceny
VALUES (6, '330000000005', NULL, '470000000003', '2023-01-22', '99470000000003330000000005');
INSERT INTO Oceny
VALUES (5, '330000000006', NULL, '470000000003', '2023-01-22', '99470000000003330000000006');
INSERT INTO Oceny
VALUES (6, '330000000007', NULL, '470000000003', '2023-01-22', '99470000000003330000000007');
INSERT INTO Oceny
VALUES (5, '330000000008', NULL, '470000000003', '2023-01-22', '99470000000003330000000008');
INSERT INTO Oceny
VALUES (6, '330000000009', NULL, '470000000003', '2023-01-22', '99470000000003330000000009');
INSERT INTO Oceny
VALUES (5, '330000000010', NULL, '470000000003', '2023-01-22', '99470000000003330000000010');
INSERT INTO Oceny
VALUES (6, '330000000011', NULL, '470000000003', '2023-01-22', '99470000000003330000000011');
INSERT INTO Oceny
VALUES (5, '330000000012', NULL, '470000000003', '2023-01-22', '99470000000003330000000012');
INSERT INTO Oceny
VALUES (6, '330000000013', NULL, '470000000003', '2023-01-22', '99470000000003330000000013');
INSERT INTO Oceny
VALUES (5, '330000000014', NULL, '470000000003', '2023-01-22', '99470000000003330000000014');
INSERT INTO Oceny
VALUES (6, '330000000015', NULL, '470000000003', '2023-01-22', '99470000000003330000000015');
INSERT INTO Oceny
VALUES (9, '330000000000', NULL, '470000000004', '2023-01-22', '99470000000004330000000000');
INSERT INTO Oceny
VALUES (10, '330000000001', NULL, '470000000004', '2023-01-22', '99470000000004330000000001');
INSERT INTO Oceny
VALUES (2, '330000000002', NULL, '470000000004', '2023-01-22', '99470000000004330000000002');
INSERT INTO Oceny
VALUES (5, '330000000003', NULL, '470000000004', '2023-01-22', '99470000000004330000000003');
INSERT INTO Oceny
VALUES (7, '330000000004', NULL, '470000000004', '2023-01-22', '99470000000004330000000004');
INSERT INTO Oceny
VALUES (4, '330000000005', NULL, '470000000004', '2023-01-22', '99470000000004330000000005');
INSERT INTO Oceny
VALUES (3, '330000000006', NULL, '470000000004', '2023-01-22', '99470000000004330000000006');
INSERT INTO Oceny
VALUES (7, '330000000007', NULL, '470000000004', '2023-01-22', '99470000000004330000000007');
INSERT INTO Oceny
VALUES (8, '330000000008', NULL, '470000000004', '2023-01-22', '99470000000004330000000008');
INSERT INTO Oceny
VALUES (4, '330000000009', NULL, '470000000004', '2023-01-22', '99470000000004330000000009');
INSERT INTO Oceny
VALUES (6, '330000000010', NULL, '470000000004', '2023-01-22', '99470000000004330000000010');
INSERT INTO Oceny
VALUES (7, '330000000011', NULL, '470000000004', '2023-01-22', '99470000000004330000000011');
INSERT INTO Oceny
VALUES (8, '330000000012', NULL, '470000000004', '2023-01-22', '99470000000004330000000012');
INSERT INTO Oceny
VALUES (2, '330000000013', NULL, '470000000004', '2023-01-22', '99470000000004330000000013');
INSERT INTO Oceny
VALUES (6, '330000000014', NULL, '470000000004', '2023-01-22', '99470000000004330000000014');
INSERT INTO Oceny
VALUES (7, '330000000000', NULL, '470000000005', '2023-01-22', '99470000000005330000000000');
INSERT INTO Oceny
VALUES (4, '330000000001', NULL, '470000000005', '2023-01-22', '99470000000005330000000001');
INSERT INTO Oceny
VALUES (6, '330000000002', NULL, '470000000005', '2023-01-22', '99470000000005330000000002');
INSERT INTO Oceny
VALUES (5, '330000000003', NULL, '470000000005', '2023-01-22', '99470000000005330000000003');
INSERT INTO Oceny
VALUES (8, '330000000004', NULL, '470000000005', '2023-01-22', '99470000000005330000000004');
INSERT INTO Oceny
VALUES (2, '330000000005', NULL, '470000000005', '2023-01-22', '99470000000005330000000005');
INSERT INTO Oceny
VALUES (6, '330000000006', NULL, '470000000005', '2023-01-22', '99470000000005330000000006');
INSERT INTO Oceny
VALUES (8, '330000000007', NULL, '470000000005', '2023-01-22', '99470000000005330000000007');
INSERT INTO Oceny
VALUES (3, '330000000008', NULL, '470000000005', '2023-01-22', '99470000000005330000000008');
INSERT INTO Oceny
VALUES (1, '330000000009', NULL, '470000000005', '2023-01-22', '99470000000005330000000009');
INSERT INTO Oceny
VALUES (5, '330000000010', NULL, '470000000005', '2023-01-22', '99470000000005330000000010');
INSERT INTO Oceny
VALUES (9, '330000000011', NULL, '470000000005', '2023-01-22', '99470000000005330000000011');
INSERT INTO Oceny
VALUES (10, '330000000012', NULL, '470000000005', '2023-01-22', '99470000000005330000000012');
INSERT INTO Oceny
VALUES (8, '330000000013', NULL, '470000000005', '2023-01-22', '99470000000005330000000013');
INSERT INTO Oceny
VALUES (7, '330000000014', NULL, '470000000005', '2023-01-22', '99470000000005330000000014');

INSERT INTO Typ_nagrodyAktorskiej
VALUES ('Najlepsza rola pierwszoplanowa');
INSERT INTO Typ_nagrodyAktorskiej
VALUES ('Najlepsza rola drugoplanowa');
INSERT INTO Typ_nagrodyAktorskiej
VALUES ('Najlepsza rola superbohaterska');
INSERT INTO Typ_nagrodyAktorskiej
VALUES ('Najgorsza rola pierwszoplanowa');
INSERT INTO Typ_nagrodyAktorskiej
VALUES ('Najgorsza rola drugoplanowa');
INSERT INTO Typ_nagrodyAktorskiej
VALUES ('Najgorsza rola superbohaterska');
INSERT INTO Typ_nagrodyAktorskiej
VALUES ('Najgorsza rola wszechczasów');
INSERT INTO Typ_nagrodyAktorskiej
VALUES ('Najgorsza rola komediowa');
INSERT INTO Typ_nagrodyAktorskiej
VALUES ('Najlepsza rola komediowa');
INSERT INTO Typ_nagrodyAktorskiej
VALUES ('Najgorsza rola tragiczna');
INSERT INTO Typ_nagrodyAktorskiej
VALUES ('Najlepsza rola tragiczna')
INSERT INTO Typ_nagrodyAktorskiej
VALUES ('Największy kabareciarz 2009'),
	   ('Najlepsza rola 2010'),
	   ('Najlepsza rola tragiczna 2011'),
	   ('Najl rola pierwszoplanowa 2011');
INSERT INTO Typ_nagrodyAktorskiej
VALUES ('Najlepsza rola tragiczna 2002'),
	   ('Najl rola 2planowa trag 2005');


INSERT INTO Typ_nagrodyFilmowej
VALUES ('Najlepszy film roku');
INSERT INTO Typ_nagrodyFilmowej
VALUES ('Najgorszy film roku');
INSERT INTO Typ_nagrodyFilmowej
VALUES ('Najlepsza komedia');
INSERT INTO Typ_nagrodyFilmowej
VALUES ('Najgorsza komedia');
INSERT INTO Typ_nagrodyFilmowej
VALUES ('Najlepszy dramat');
INSERT INTO Typ_nagrodyFilmowej
VALUES ('Najgorszy dramat');
INSERT INTO Typ_nagrodyFilmowej
VALUES ('Najlepsza narracja');
INSERT INTO Typ_nagrodyFilmowej
VALUES ('Najgorsza narracja');
INSERT INTO Typ_nagrodyFilmowej
VALUES ('Najlepszy film Sci-Fi');
INSERT INTO Typ_nagrodyFilmowej
VALUES ('Najlepsza reżyseria');
INSERT INTO Typ_nagrodyFilmowej
VALUES ('Najpiękniejsze zdjęcia');

INSERT INTO Nagroda_aktorska
VALUES ('330000000000', 'Najlepsza rola pierwszoplanowa', '2023-01-02', '1220000000000000000000000');
INSERT INTO Nagroda_aktorska
VALUES ('330000000001', 'Najlepsza rola drugoplanowa', '2023-01-02', '1220000000000000000000001');
INSERT INTO Nagroda_aktorska
VALUES ('330000000005', 'Najgorsza rola komediowa', '2023-01-02', '1220000000000000000000002');
INSERT INTO Nagroda_aktorska
VALUES ('330000000013', 'Najlepsza rola komediowa', '2023-01-02', '1220000000000000000000003');
INSERT INTO Nagroda_aktorska
VALUES ('330000000006', 'Najlepsza rola tragiczna', '2023-01-02', '1220000000000000000000004');
INSERT INTO Nagroda_aktorska
VALUES ('330000000014', 'Najlepsza rola superbohaterska', '2023-01-02', '1220000000000000000000005');
INSERT INTO Nagroda_aktorska
VALUES ('330000000013', 'Najgorsza rola wszechczasów', '2023-01-02', '1220000000000000000000006');
INSERT INTO Nagroda_aktorska
VALUES ('330000000010', 'Najgorsza rola pierwszoplanowa', '2023-01-02', '1220000000000000000000007');
INSERT INTO Nagroda_aktorska
VALUES ('330000000013', 'Najgorsza rola superbohaterska', '2023-01-02', '1220000000000000000000008');
INSERT INTO Nagroda_aktorska
VALUES ('330000000007', 'Najgorsza rola tragiczna', '2023-01-02', '1220000000000000000000009');
INSERT INTO Nagroda_aktorska
VALUES ('330000000019', 'Największy kabareciarz 2009', '2009-01-01', '1220000000000000000000010'),
('330000000018', 'Najlepsza rola tragiczna 2011', '2009-01-01', '1220000000000000000000011'),
('330000000017', 'Najlepsza rola 2010', '2009-01-01', '1220000000000000000000012'),
('330000000016', 'Najl rola pierwszoplanowa 2011', '2009-01-01', '1220000000000000000000013');
INSERT INTO Nagroda_aktorska
VALUES ('330000000005', 'Najlepsza rola tragiczna 2002', '2009-01-01', '1220000000000000000000011'),
('330000000006', 'Najl rola 2planowa trag 2005', '2009-01-01', '1220000000000000000000012');

INSERT INTO Nagroda_filmowa
VALUES ('100000000013', 'Najlepszy film roku', '1100000000000000000000000', '2023-01-02');
INSERT INTO Nagroda_filmowa
VALUES ('100000000013', 'Najlepszy film Sci-Fi', '1100000000000000000000001', '2023-01-02');
INSERT INTO Nagroda_filmowa
VALUES ('100000000013', 'Najpiękniejsze zdjęcia', '1100000000000000000000002', '2023-01-02');
INSERT INTO Nagroda_filmowa
VALUES ('100000000012', 'Najlepszy dramat', '1100000000000000000000004', '2023-01-02');
INSERT INTO Nagroda_filmowa
VALUES ('100000000007', 'Najgorsza narracja', '1100000000000000000000005', '2023-01-02');
INSERT INTO Nagroda_filmowa
VALUES ('100000000007', 'Najgorsza komedia', '1100000000000000000000006', '2023-01-02');
INSERT INTO Nagroda_filmowa
VALUES ('100000000009', 'Najlepsza narracja', '1100000000000000000000007', '2023-01-02');
INSERT INTO Nagroda_filmowa
VALUES ('100000000003', 'Najlepsza komedia', '1100000000000000000000008', '2023-01-02');
INSERT INTO Nagroda_filmowa
VALUES ('100000000007', 'Najgorszy film roku', '1100000000000000000000009', '2023-01-02');

